{"Training/Loss": 1.3944671154022217, "epoch": 4, "_timestamp": 1707071031.356629, "_runtime": 183.0271189212799, "_step": 1449, "_wandb": {"runtime": 205}}