{"Training/Loss": 0.5428263545036316, "epoch": 29, "_timestamp": 1707073234.4454212, "_runtime": 1295.4715371131897, "_step": 8699, "_wandb": {"runtime": 1318}}